﻿{
    "value":  [
                  {
                      "_id":  "691834c199ed40b91dca1076",
                      "code":  "D05",
                      "title":  "RBAC Demo 2",
                      "summary":  "created by admin",
                      "price":  249,
                      "nights":  3,
                      "image":  "/img/city.jpg",
                      "createdAt":  "2025-11-15T08:07:29.435Z",
                      "updatedAt":  "2025-11-15T08:07:29.435Z",
                      "__v":  0
                  },
                  {
                      "_id":  "691833ac99ed40b91dca1072",
                      "code":  "D04",
                      "title":  "RBAC Demo",
                      "summary":  "seeded by admin",
                      "price":  199,
                      "nights":  2,
                      "image":  "/img/city.jpg",
                      "createdAt":  "2025-11-15T08:02:52.353Z",
                      "updatedAt":  "2025-11-15T08:02:52.353Z",
                      "__v":  0
                  },
                  {
                      "_id":  "69118e6148a708617c381429",
                      "code":  "B02",
                      "title":  "Beach Escape",
                      "summary":  "Relax on the coast",
                      "price":  899,
                      "nights":  5,
                      "image":  "/img/city.jpg",
                      "__v":  0,
                      "createdAt":  "2025-11-10T07:04:01.931Z",
                      "updatedAt":  "2025-11-10T07:04:01.931Z"
                  },
                  {
                      "_id":  "69118e6148a708617c38142a",
                      "code":  "M03",
                      "title":  "Mountain Run",
                      "summary":  "Trails and views",
                      "price":  799,
                      "nights":  4,
                      "image":  "/img/mountain.jpg",
                      "__v":  0,
                      "createdAt":  "2025-11-10T07:04:01.931Z",
                      "updatedAt":  "2025-11-10T07:04:01.931Z"
                  },
                  {
                      "_id":  "69118e6148a708617c381428",
                      "code":  "C01",
                      "title":  "City Break",
                      "summary":  "Weekend downtown",
                      "price":  499,
                      "nights":  3,
                      "image":  "/img/beach.jpg",
                      "__v":  0,
                      "createdAt":  "2025-11-10T07:04:01.930Z",
                      "updatedAt":  "2025-11-10T07:04:01.930Z"
                  }
              ],
    "Count":  5
}
