﻿{
    "items":  [
                  {
                      "_id":  "69118e6148a708617c381428",
                      "title":  "City Break",
                      "summary":  "Weekend downtown",
                      "price":  499
                  },
                  {
                      "_id":  "69118e6148a708617c381429",
                      "title":  "Beach Escape",
                      "summary":  "Relax on the coast",
                      "price":  899
                  }
              ],
    "total":  5,
    "page":  1,
    "pageSize":  2,
    "hasNext":  true
}
