﻿[
  {
    "code": "C01",
    "title": "City Break",
    "price": 499,
    "nights": 3,
    "summary": "Weekend downtown",
    "image": "/img/beach.jpg"
  },
  {
    "code": "B02",
    "title": "Beach Escape",
    "price": 899,
    "nights": 5,
    "summary": "Relax on the coast",
    "image": "/img/city.jpg"
  },
  {
    "code": "M03",
    "title": "Mountain Run",
    "price": 799,
    "nights": 4,
    "summary": "Trails and views",
    "image": "/img/mountain.jpg"
  }
]
